hash, password, time, worker 1 iterations, worker 2 iterations, worker 3 iterations, worker 4 iterations, worker 5 iterations, worker 6 iterations, worker 7 iterations, worker 8 iterations, worker 9 iterations, worker 10 iterations, worker 11 iterations, worker 12 iterations, worker 13 iterations, worker 14 iterations, worker 15 iterations, worker 16 iterations, worker 17 iterations, worker 18 iterations, worker 19 iterations, worker 20 iterations, worker 21 iterations, worker 22 iterations, worker 23 iterations, worker 24 iterations, worker 25 iterations, worker 26 iterations, worker 27 iterations, worker 28 iterations, worker 29 iterations, worker 30 iterations, worker 31 iterations
"aaTrgM6tVLhas", "00125414", 0.014110, 0, 0, 0, 0, 0, 0, 0, 0, 0, 0, 0, 0, 0, 0, 0, 0, 0, 0, 0, 0, 0, 0, 0, 0, 0, 0, 0, 0, 414, 0, 0
"aagWNRh7V9kN6", "05132970", 1.126337, 170000, 165000, 170000, 170000, 170000, 165000, 165000, 165000, 165000, 160000, 165000, 160000, 165000, 165000, 165000, 170000, 165000, 160000, 165000, 180000, 165000, 165000, 165000, 165000, 170000, 127970, 165000, 165000, 170000, 165000, 170000
"aahpg4OwfHMXY", "29147501", 6.169600, 960000, 940000, 960000, 945000, 950000, 935000, 922501, 945000, 945000, 925000, 950000, 910000, 945000, 940000, 930000, 955000, 940000, 905000, 935000, 1020000, 945000, 945000, 960000, 915000, 950000, 740000, 945000, 940000, 960000, 950000, 945000
"aaTwdzPnfU7XE", "49910015", 10.526332, 1640000, 1620000, 1645000, 1660000, 1635000, 1505000, 1580000, 1620000, 1620000, 1575000, 1625000, 1560000, 1620000, 1605015, 1595000, 1640000, 1615000, 1550000, 1600000, 1745000, 1615000, 1600000, 1640000, 1590000, 1630000, 1335000, 1620000, 1610000, 1640000, 1605000, 1620000
